{"current":{"color_text":"#474747","color_body_text":"#474747","color_button":"#ae7947","color_body_bg":"#f9f5e6","type_header_font":"poppins_n3","type_header_base_size":30,"type_base_font":"poppins_n3","type_base_size":14,"predictive_search_enabled":false,"share_facebook":false,"share_twitter":false,"share_pinterest":false,"sections":{"header":{"type":"header","settings":{"align_logo":"left","logo":"shopify:\/\/shop_images\/logo.png","logo_max_width":160,"main_linklist":"header-menu-right","main_linklist1":"main-menu","main_linklist2":"footer","message":false,"home_page_only":false,"message_text":"","message_link":"","color_bg":"#474747","color_text":"#f9f5e6"}},"feature-row":{"type":"feature-row","disabled":true,"settings":{"image":"shopify:\/\/shop_images\/Screen_Shot_2021-04-22_at_9.30.32_PM.png","layout":"left","title":"Natural Multivitamin Stress Relief","text":"<p>Everyday supplements to help your body increase resistance to stress and perform optimally. <\/p>","button_label":"","button_link":""}},"feature-columns":{"type":"feature-columns","blocks":{"feature-columns-0":{"type":"text_block","settings":{"enable_image":true,"title":"Add a title or tagline","text":"<p>Share blog posts, products, or promotions with your customers. Use this text to describe products, share details on availability and style, or as a space to display recent reviews or FAQs.<\/p>","button_label":"","button_link":""}},"feature-columns-1":{"type":"text_block","settings":{"enable_image":true,"title":"Add a title or tagline","text":"<p>Share blog posts, products, or promotions with your customers. Use this text to describe products, share details on availability and style, or as a space to display recent reviews or FAQs.<\/p>","button_label":"","button_link":""}},"feature-columns-2":{"type":"text_block","settings":{"enable_image":true,"title":"Add a title or tagline","text":"<p>Share blog posts, products, or promotions with your customers. Use this text to describe products, share details on availability and style, or as a space to display recent reviews or FAQs.<\/p>","button_label":"","button_link":""}}},"block_order":["feature-columns-0","feature-columns-1","feature-columns-2"],"settings":{"title":"","align_text":"left"}},"collection":{"type":"collection","settings":{"title":"Featured collection","collection":"","grid":4,"rows":2,"show_vendor":false,"show_view_all":false}},"hero-2":{"type":"hero","settings":{"image":"shopify:\/\/shop_images\/sect2_bg.png","alignment":"center","hero_layout":"full_width","hero_size":"medium","text_size":"medium","title":"The Soil-Inspired Solution To Reducing Worry + Boosting Energy","text":"","button_label":"","button_link":""}},"quotes":{"type":"quotes","blocks":{"quotes-0":{"type":"quote","settings":{"quote":"<p>Add customer reviews and testimonials to showcase your store’s happy customers.<\/p>","author":"Author's name"}},"quotes-1":{"type":"quote","settings":{"quote":"<p>Add customer reviews and testimonials to showcase your store’s happy customers.<\/p>","author":"Author's name"}},"quotes-2":{"type":"quote","settings":{"quote":"<p>Add customer reviews and testimonials to showcase your store’s happy customers.<\/p>","author":"Author's name"}}},"block_order":["quotes-0","quotes-1","quotes-2"],"settings":{"title":""}},"image-bar":{"type":"image-bar","blocks":{"image-bar-0":{"type":"image","settings":{"alignment":"center","link":"","cta_label":""}},"image-bar-1":{"type":"image","settings":{"alignment":"center","link":"","cta_label":""}},"image-bar-2":{"type":"image","settings":{"alignment":"center","link":"","cta_label":""}}},"block_order":["image-bar-0","image-bar-1","image-bar-2"],"settings":{"section_height":"medium"}},"footer":{"type":"footer","blocks":{"footer-0":{"type":"link_list","settings":{"title":"Get The Dirt  On Ground Daily","menu":"footer"}},"footer-1":{"type":"newsletter","settings":{"title":"Subscribe Below For New Products + More"}}},"block_order":["footer-0","footer-1"],"settings":{"show_payment_icons":false,"color_footer_bg":"#f9f5e6","color_footer_text":"#474747","logo":"shopify:\/\/shop_images\/logo-white_5ac990cc-0fbc-4e89-9937-3a1c85afb97a.png","show_locale_selector":false,"show_currency_selector":false}},"1647528510fe05b66e":{"type":"hero","settings":{"image":"shopify:\/\/shop_images\/sect5_bg.png","alignment":"center","hero_layout":"full_width","hero_size":"medium","text_size":"medium","title":"The Soil-Inspired Supplement With Everything Your Body Needs To Thrive","text":"","button_label":"","button_link":"shopify:\/\/collections\/all"}},"16475425482c6af675":{"type":"hero_main","settings":{"image":"shopify:\/\/shop_images\/hero_bg.png","alignment":"bottom","hero_layout":"full_width","hero_size":"x-large","text_size":"large","title":"GROUND DAILY SUPPLEMENTS","text":"<p>Dirt Medicine<\/p>","button_label":"EXPERIENCE BALANCE","button_link":"shopify:\/\/products\/ground-daily"}},"1647544301c480dfcb":{"type":"custom-content_about","blocks":{"1647544301c480dfcb-0":{"type":"text","settings":{"title":"What is Ground Daily?","text":"","width":"25%","alignment":"top-middle","align_text":"left"}},"1647544301c480dfcb-1":{"type":"image","settings":{"image":"shopify:\/\/shop_images\/What_is_0a45d42a-bc0b-49ed-8540-a6156ba6d395.png","width":"50%","alignment":"center"}},"4006707b-58b1-4cd9-9167-9d42a5471afe":{"type":"text","settings":{"title":"","text":"<p>Ground Daily is a soil-inspired supplement that’s the perfect long-term solution if you want to decrease stress, improve your mental health, and enhance your digestion.<\/p><p><\/p><p>This daily formula, combined with a unique blend of soil-derived acids, minerals, probiotics, and herbal allies, will give you a nourishing experience that gives your body the nutrients it needs to flourish from the inside out.<\/p>","width":"25%","alignment":"center","align_text":"left"}}},"block_order":["1647544301c480dfcb-0","1647544301c480dfcb-1","4006707b-58b1-4cd9-9167-9d42a5471afe"],"settings":{"title":""}},"1647545187e9148e0d":{"type":"rich-text_quote","settings":{"full_width":false,"section_title1":"` `","section_title":"Start your day with a boost of soil-inspired energy","text_size":"large"}},"16476174716a0c7977":{"type":"feature-row-ingredients","settings":{"image":"shopify:\/\/shop_images\/ingredients_image_baa85294-4be7-4376-980b-75dbd7850083.png","layout":"left","title":"The Fuel For Your Brain & Body","text":"<p>Most people in the modern world are mineral-deficient because of the lack of minerals in our food and soil.<\/p><p>For most of human history, we were living close to the earth. We got our food from the ground? not the supermarket? and we didn’t use disinfectants to wash it.<\/p>","imageitem1":"shopify:\/\/shop_images\/ingredients_item1.png","text1":"<p>Today, unless you grow your own food or eat organic produce straight from the field, you won't ever come across soil-based probiotics. When you combine an absence of nutrients with the demands of our fast-paced, disconnected world, it's a recipe for burnout.<\/p>","imageitem2":"shopify:\/\/shop_images\/ingredients_item2.png","text2":"<p>Soil-based probiotics are all found in the earth, they do the same job for the plants that grow there as the bacteria in your gut do for you: break down material, produce vitamins, and fight pathogens like bad bacteria and fungus.<\/p>","text3":"<p>Because humans evolved with them, soil-based probiotics play an important role in your microbiome (the communities of microbes living in your gut), and your general health.<\/p>","text4":"<p>Ground's Daily Dirt is our new path to 'Dirt Medicine'. By combining soil-derived organic acids and probiotics, minerals and herbal allies, we have created our daily solution that: <br\/>- alleviates physical & mental stress<br\/>- modulates your gut microbiome<br\/>- improves digestion<br\/>- supports your immune system.<\/p>","imageitem3":"shopify:\/\/shop_images\/ingredients_item3.png","button_label":"","button_link":""}},"hero":{"type":"hero","settings":{"image":"shopify:\/\/shop_images\/scrn_4.png","alignment":"center","hero_layout":"full_width","hero_size":"large","text_size":"medium","title":"","text":"","button_label":"","button_link":""}},"feature-row-story":{"type":"feature-row-story","settings":{"image":"shopify:\/\/shop_images\/story_image1.png","layout":"right","title":"“ There is a complex link between our health  and the well- being  of our earth “","text21":"<p>We are in the midst of a disconnection crisis. With every passing day, we find ourselves more disconnected from each other, from our true selves, and worst of all, from our planet.<\/p>","text":"<p>There is a complex link between our health and the well-being of our earth. Recent research explains that the disconnection from nature can compromise our mental health, overall happiness, weaken our immune systems, and undermine our powers of focus and creativity. Modern lifestyles full of hustle and lack of healthy food options only leave us drained, anxious, depressed and mentally depleted.<br\/><\/p><p>The disconnect is not only affecting our mental health but our physical health. Depleted soils (which our foodis grown in) cause most people to become mineral deficient. Mineral deficiency is estimated to affect more than a third of humanity, causing health problems in both developed and developing countries.<\/p>","button_label":"","button_link":""}},"custom-content":{"type":"custom-content","blocks":{"9786e5a8-4075-40d4-a6fa-57555e5fc9f7":{"type":"image","settings":{"width":"50%","alignment":"center"}}},"block_order":["9786e5a8-4075-40d4-a6fa-57555e5fc9f7"],"settings":{"title":"Custom content"}},"feature-row-ingredients":{"type":"feature-row-ingredients","settings":{"image":"shopify:\/\/shop_images\/elia-pellegrini-087KeXeuhyY-unsplash_1.png","layout":"left","title":"","text":"<p>Our collective experience in herbalism and practical Chinese medicine formulated Ground Daily, focusing on soil-based probiotics and essential earth elements grown in healthy soil. We believe that living soil provides us with everything we need to heal our bodies and minds.<\/p>","imageitem1":"shopify:\/\/shop_images\/story-ingredients-image1.png","text1":"","imageitem2":"shopify:\/\/shop_images\/story-ingredients-image2.png","text2":"<p>Ground follows a social impact model and partnered with Green Future Project: Our goal is to benefit your well-being and contribute to supporting and regenerating our planet for the future.<\/p>","text3":"","text4":"<p>For every Ground Daily product sold, we will donate a portion of the proceeds towards regenerative farming organizations that aim to improve the quality of our soil - essential to our future.<\/p>","imageitem3":"shopify:\/\/shop_images\/story-ingredients-image3.png","button_label":"","button_link":""}},"hero-story":{"type":"hero-story","settings":{"image":"shopify:\/\/shop_images\/story_bg.png","image21":"shopify:\/\/shop_images\/story_hero_d3720cce-c6f7-4a3d-ac5d-ed93f4fbb399.png","alignment":"bottom","hero_layout":"full_width","hero_size":"x-large","text_size":"medium","title":"The Story Behind Ground","text":"","button_label":"","button_link":""}},"feature-row-story1":{"type":"feature-row-story1","settings":{"image":"shopify:\/\/shop_images\/story_image2.png","layout":"left","title":"","text":"<p>The discovery of this link between our soil and human health has commanded the attention of big food companies, farmers, scientists, and environmental organizations. It’s sparked a research boom that may soon tell us whether soil microbes are as crucial to our longevity as daily exercise and a restful night’s sleep.<\/p><p><\/p><p>The solution to our crisis lies deep down in our roots. Together, we can recenter and regrow from the ground up. <\/p>","button_label":"Growing begins  from the Ground.","button_link":"shopify:\/\/products\/ground-daily"}},"custom-content-author":{"type":"custom-content-author","blocks":{"a347e50f-e540-490b-bfbb-30213b3da0ac":{"type":"image","settings":{"image":"shopify:\/\/shop_images\/author.png","width":"33%","alignment":"center"}},"25759b66-aa2e-4ceb-9cf3-b544b1b1bf7f":{"type":"text","settings":{"title":"Melanie Hill","text":"<p>Melanie Hill is a Registered Medical Herbalist and has a Diploma in Acupuncture.<br\/><\/p><p>She completed her herbal + acupuncture studies at The Institute of Traditional Medicine, learning from a diverse and inspiring faculty.<br\/>Her passion for healing began as a young child. <\/p><p>Melanie grew up immersed in<br\/>an eclectic environment of women who relied heavily on nature, intuition and their surroundings to heal. She loves the outdoors, and never feels complete unless granted the opportunity to immerse herself in nature. <\/p><p>Melanie is an avid gardener, wild-crafter,<br\/>beachcomber, cook, friend and animal lover. These passions shine through her process + motives as a practitioner.<\/p>","width":"33%","alignment":"center","align_text":"left"}},"095ab5d1-d13b-45d2-8d33-e982f6c19cdb":{"type":"text","settings":{"title":"","text":"<p><br\/><br\/><br\/><br\/><br\/>As a practitioner, Melanie is driven to investigate the bigger picture. <br\/>She strongly believes that in order to regain the balance we must focus not only on our presenting symptoms, but also honour our minds, bodies and spirits as a whole, in order to help narrow down what shifts are necessary to regain the best versions of ourselves.<br\/><\/p><p>Her focus is on plant + food-based medicine, often incorporating a mix of methods that are best suited to her client's wants + needs.<br\/>Inclusion, empowerment and self-care are three of the focused goals she has<br\/>for her clients. <\/p><p>Sustainability, land stewarding, and giving back are vital. She hopes that she can aid in inspiring you to rebalance your life, by finding an easy journey and lifelong stride toward your best, authentic self.<\/p>","width":"33%","alignment":"center","align_text":"left"}}},"block_order":["a347e50f-e540-490b-bfbb-30213b3da0ac","25759b66-aa2e-4ceb-9cf3-b544b1b1bf7f","095ab5d1-d13b-45d2-8d33-e982f6c19cdb"],"settings":{"title":"Meet the advisory board"}},"custom-content-values":{"type":"custom-content-values","blocks":{"377f6821-b9db-44a9-a594-2b4db48c63e7":{"type":"text","settings":{"title":"Integrity","text":"<p>We pride ourselves on the quality of our soil-based supplement and follow a social impact model.<\/p>","width":"25%","alignment":"center","align_text":"left"}},"76e0c1f8-e9b6-4cbf-81d8-d691f8d9642a":{"type":"image","settings":{"image":"shopify:\/\/shop_images\/bottle.png","width":"50%","alignment":"center"}},"c333d97c-3167-4618-adf5-e4cd1f6a5623":{"type":"text","settings":{"title":"Honesty","text":"<p>We are transparent about every ingredient, process, and sourcing with our product.<\/p>","width":"25%","alignment":"center","align_text":"left"}},"80c37f36-e883-48fa-92ba-721c16bac161":{"type":"text","settings":{"title":"Passion","text":"<p>We love dirt and how it can benefit us in so many ways, and we want to produce products that fit into your lifestyle so you can be a happy, healthier you.<\/p>","width":"100%","alignment":"center","align_text":"left"}}},"block_order":["377f6821-b9db-44a9-a594-2b4db48c63e7","76e0c1f8-e9b6-4cbf-81d8-d691f8d9642a","c333d97c-3167-4618-adf5-e4cd1f6a5623","80c37f36-e883-48fa-92ba-721c16bac161"],"settings":{"title":"Values"}},"custom-content-why":{"type":"custom-content-why","blocks":{"16df2e1e-44de-457b-a770-1f6a0f5f091f":{"type":"image","settings":{"image":"shopify:\/\/shop_images\/why-image1.png","width":"25%","alignment":"center"}},"1ad5ca5c-efaa-4cfb-8b33-d66cdd3b510b":{"type":"text","settings":{"title":"","text":"<p>We named our product ‘Ground Daily’ because we wanted people to feel more connected with our planet. Ground is a triple entendre: for our world (Earth), as in “ground yourself” (connect) and as in hold you down; keep you safe. It’s also an old term for meditation. <\/p><p>We love the idea of people reconnecting with the earth and mentally grounding themselves; it led us to groundbreaking discoveries in recovering our bodies from mineral deficiencies. <\/p>","width":"50%","alignment":"center","align_text":"left"}},"f5febed4-2004-40a7-8f24-a7ae7c2a91fa":{"type":"image","settings":{"image":"shopify:\/\/shop_images\/why-image2.png","width":"25%","alignment":"center"}}},"block_order":["16df2e1e-44de-457b-a770-1f6a0f5f091f","1ad5ca5c-efaa-4cfb-8b33-d66cdd3b510b","f5febed4-2004-40a7-8f24-a7ae7c2a91fa"],"settings":{"title":"Why ‘Ground’ ?"}},"product-template":{"type":"product-template","blocks":{"ef57aec0-686f-4384-ad00-278b42bcc759":{"type":"question","settings":{"title":"Product details","answer":"<p>ed ut perspiciatis unde omnis iste natus error sit voluptatem accusantium doloremque laudantium, totam rem aperiam, eaque ipsa quae ab illo inventore veritatis et quasi architecto beatae vitae dicta sunt explicabo. Nemo enim ipsam voluptatem quia voluptas sit aspernatur aut odit aut fugit, sed quia consequuntur magni dolores eos qui ratione voluptatem sequi nesciunt. Neque porro quisquam est, qui dolorem ipsum quia dolor sit amet, consectetur, adipisci velit, sed quia non numquam eius modi tempora incidunt ut labore et dolore magnam aliquam quaerat voluptatem.<\/p>"}},"810d5f8b-9a68-453d-9d4d-f771c0908c90":{"type":"separator","settings":{"title":""}},"142fb2fc-cbaa-4b0c-806f-8e326d118027":{"type":"question","settings":{"title":"What does it lead to?","answer":"<p>ed ut perspiciatis unde omnis iste natus error sit voluptatem accusantium doloremque laudantium, totam rem aperiam, eaque ipsa quae ab illo inventore veritatis et quasi architecto beatae vitae dicta sunt explicabo. Nemo enim ipsam voluptatem quia voluptas sit aspernatur aut odit aut fugit, sed quia consequuntur magni dolores eos qui ratione voluptatem sequi nesciunt. Neque porro quisquam est, qui dolorem ipsum quia dolor sit amet, consectetur, adipisci velit, sed quia non numquam eius modi tempora incidunt ut labore et dolore magnam aliquam quaerat voluptatem.<\/p>"}}},"block_order":["ef57aec0-686f-4384-ad00-278b42bcc759","810d5f8b-9a68-453d-9d4d-f771c0908c90","142fb2fc-cbaa-4b0c-806f-8e326d118027"],"settings":{"show_quantity_selector":true,"show_variant_labels":true,"show_vendor":false,"enable_payment_button":false,"show_share_buttons":false,"media_size":"medium","enable_image_zoom":false,"enable_video_looping":true}},"product-recommendations":{"type":"product-recommendations","settings":{"show_product_recommendations":true,"heading":"You may also like","show_vendor":false}},"hero-product":{"type":"hero-product","settings":{"image":"shopify:\/\/shop_images\/product-hero.png","alignment":"center","hero_layout":"full_width","hero_size":"medium","text_size":"medium","title":"Introducing Your Dirty New Health Supplement","text":"","button_label":"","button_link":""}},"hero-product-item1":{"type":"hero-product-item1","settings":{"image":"shopify:\/\/shop_images\/product-additional.png","alignment":"center","hero_layout":"full_width","hero_size":"medium","text_size":"medium","title":"Ground Daily offers space for your body to move into a healing state, realigning natural rhythms, like the effects of a day after walking in the woods or getting your hands dirty.","text":"","button_label":"","button_link":""}},"hero-product-item2":{"type":"hero-product-item2","settings":{"image":"shopify:\/\/shop_images\/kate-kasiutich-FPYdbmNKVJQ-unsplash_1.png","alignment":"center","hero_layout":"full_width","hero_size":"medium","text_size":"medium","title":"A Daily Dose of Dirt Medicine For Your Brain + Body","text":"","button_label":"Subscribe Monthly","button_link":"shopify:\/\/products\/ground-daily"}},"custom-content-benefits":{"type":"custom-content-benefits","blocks":{"7d61b738-b20d-45b0-868d-330ea214ce83":{"type":"text","settings":{"title":"","text":"<p>A sense of calm and clarity due to a parasympathetic state<\/p>","text1":"<p>Increased energy, libido and stabilizes mood<\/p>","text2":"<p>Improved digestion and assimilation<\/p>","text3":"<p>Increased immunity <\/p>","width":"25%","alignment":"center","align_text":"left"}},"98b385ee-606a-4152-83e0-2fd45b58b9a8":{"type":"image","settings":{"image":"shopify:\/\/shop_images\/benefits-bottle.png","button_label1":"Subscribe Monthly","button_link1":"shopify:\/\/products\/ground-daily","width":"50%","alignment":"center"}},"8b6f3d23-98a4-47de-bfcb-cb03c5301f17":{"type":"text","settings":{"title":"","text":"<p>Enhanced muscle strength and decreased recovery time<\/p>","text1":"<p>Reduced inflammation throughout the body<\/p>","text2":"<p>Regulated hormone function <\/p>","text3":"<p>Restful sleep & Longevity<\/p>","width":"25%","alignment":"center","align_text":"left"}}},"block_order":["7d61b738-b20d-45b0-868d-330ea214ce83","98b385ee-606a-4152-83e0-2fd45b58b9a8","8b6f3d23-98a4-47de-bfcb-cb03c5301f17"],"settings":{"title":"Ground Daily Benefits","subtitle":"Ground Daily Supplements are designed to maintain your well-being and health. Daily use will calm the mind, decrease inflammation, relax muscles, and improve digestion. You can use it as a preventative measure against stress and illness or when feeling overworked."}},"rich-text":{"type":"rich-text","settings":{"full_width":false,"section_title":"Calm Down & Chill Out","text":"<p>When we’re calm, we think clearly, and we’re much happier. What’s better than feeling at peace and not worrying about a thing?<\/p>","text_size":"medium"}},"faq-product":{"type":"faq-product","blocks":{"fd194721-c56f-4cc5-9fe7-2396667e172a":{"type":"question","settings":{"title":"What are soil-based probiotics?","answer":"<p>They are bacteria found in soil that has evolved with humans and have proven to help us balance our gut bacteria, produce antioxidants, improve leaky gut, and decrease body inflammation. Soil-based probiotics contain spore-producing bacteria that make digestion more effective.<\/p>"}},"019c1b67-f3c9-4a5f-bced-ef506dbc9b42":{"type":"question","settings":{"title":"Is it vegan-friendly?","answer":"<p>They are bacteria found in soil that has evolved with humans and have proven to help us balance our gut bacteria, produce antioxidants, improve leaky gut, and decrease body inflammation. Soil-based probiotics contain spore-producing bacteria that make digestion more effective.<\/p>"}},"44111e66-9f82-4906-a3a3-dc7993978684":{"type":"question","settings":{"title":"How often should I take it?","answer":"<p>They are bacteria found in soil that has evolved with humans and have proven to help us balance our gut bacteria, produce antioxidants, improve leaky gut, and decrease body inflammation. Soil-based probiotics contain spore-producing bacteria that make digestion more effective.<\/p>"}},"bd06feca-6ca7-4d9b-afc1-e0d2a1b335dc":{"type":"question","settings":{"title":"Can I take it if I am on medication?","answer":"<p>They are bacteria found in soil that has evolved with humans and have proven to help us balance our gut bacteria, produce antioxidants, improve leaky gut, and decrease body inflammation. Soil-based probiotics contain spore-producing bacteria that make digestion more effective.<\/p>"}},"f75522fd-8fc9-4273-a488-a32bca683f00":{"type":"question","settings":{"title":"What may I experience in the first few days of taking it?","answer":"<p>They are bacteria found in soil that has evolved with humans and have proven to help us balance our gut bacteria, produce antioxidants, improve leaky gut, and decrease body inflammation. Soil-based probiotics contain spore-producing bacteria that make digestion more effective.<\/p>"}},"6bc8be9b-fe73-4c79-ae17-c5659290ccd1":{"type":"question","settings":{"title":"Where is your Fulvic Acid sourced?","answer":"<p>They are bacteria found in soil that has evolved with humans and have proven to help us balance our gut bacteria, produce antioxidants, improve leaky gut, and decrease body inflammation. Soil-based probiotics contain spore-producing bacteria that make digestion more effective.<\/p>"}}},"block_order":["fd194721-c56f-4cc5-9fe7-2396667e172a","019c1b67-f3c9-4a5f-bced-ef506dbc9b42","44111e66-9f82-4906-a3a3-dc7993978684","bd06feca-6ca7-4d9b-afc1-e0d2a1b335dc","f75522fd-8fc9-4273-a488-a32bca683f00","6bc8be9b-fe73-4c79-ae17-c5659290ccd1"],"settings":{"expand_questions":false}},"164780283157da402e":{"type":"custom-content-reconnect","blocks":{"164780283157da402e-1":{"type":"image","settings":{"image":"shopify:\/\/shop_images\/reconnect_img1.png","imageabc":"","width":"25%","alignment":"center"}},"164780283157da402e-0":{"type":"text","settings":{"title":"","text":"<p>Disconnecting from nature leads to unhappiness, poor immune system function, less creativity and focus.<br\/><\/p><p>We created a supplement that helps boost your energy levels while simultaneously calming your nervous system. It also improves how your body and mind function daily (especially when confronted with daily stressors).<\/p>","width":"50%","alignment":"center","align_text":"left"}},"de02a8e3-aadf-4c91-86b5-81ebe29ba62d":{"type":"image","settings":{"image":"shopify:\/\/shop_images\/reconnect_img2.png","imageabc":"","width":"25%","alignment":"center"}}},"block_order":["164780283157da402e-1","164780283157da402e-0","de02a8e3-aadf-4c91-86b5-81ebe29ba62d"],"settings":{"title":"Reconnect to Earth's healing properties…"}},"1647803370ed8874de":{"type":"subscription","settings":{"image":"shopify:\/\/shop_images\/subscription_bg.png","image1":"shopify:\/\/shop_images\/subscription_img.png","alignment":"center","hero_layout":"full_width","hero_size":"x-large","text_size":"medium","title":"Subscription","text":"<p>Use overlay text to give your customers insight into your brand. Select imagery and text that relates to your style and story.<\/p>","button_label":"","button_link":""}},"product-ingredients":{"type":"product-ingredients","settings":{}},"1648048274ec8bffda":{"type":"home-benefits","settings":{}},"hero-contact":{"type":"hero-contact","settings":{"image":"shopify:\/\/shop_images\/hero-contact.png","alignment":"center","hero_layout":"full_width","hero_size":"large","text_size":"medium","title":"","text":"","button_label":"","button_link":""}}},"content_for_index":["16475425482c6af675","hero-2","1647544301c480dfcb","1647545187e9148e0d","16476174716a0c7977","1647528510fe05b66e","feature-row","1648048274ec8bffda","164780283157da402e","1647803370ed8874de"]},"presets":{"Default":{"sections":{"header":{"type":"header","settings":{}},"hero-1":{"type":"hero","settings":{"hero_size":"large","text_size":"large"}},"feature-row":{"type":"feature-row","settings":{}},"feature-columns":{"type":"feature-columns","blocks":{"feature-columns-0":{"type":"text_block","settings":{}},"feature-columns-1":{"type":"text_block","settings":{}},"feature-columns-2":{"type":"text_block","settings":{}}},"block_order":["feature-columns-0","feature-columns-1","feature-columns-2"],"settings":{"title":""}},"collection":{"type":"collection","settings":{"grid":4}},"hero-2":{"type":"hero","settings":{"text_size":"large"}},"quotes":{"type":"quotes","blocks":{"quotes-0":{"type":"quote","settings":{}},"quotes-1":{"type":"quote","settings":{}},"quotes-2":{"type":"quote","settings":{}}},"block_order":["quotes-0","quotes-1","quotes-2"],"settings":{"title":""}},"image-bar":{"type":"image-bar","blocks":{"image-bar-0":{"type":"image","settings":{}},"image-bar-1":{"type":"image","settings":{}},"image-bar-2":{"type":"image","settings":{}}},"block_order":["image-bar-0","image-bar-1","image-bar-2"],"settings":{}},"footer":{"type":"footer","blocks":{"footer-0":{"type":"link_list","settings":{}},"footer-1":{"type":"newsletter","settings":{}}},"block_order":["footer-0","footer-1"],"settings":{"show_payment_icons":true}}},"content_for_index":["hero-1","feature-row","feature-columns","collection","hero-2","quotes","image-bar"]},"Light":{"color_text":"#162950","color_body_text":"#6d6d6d","color_sale_text":"#DA2F0C","color_borders":"#e4e4e4","color_button":"#DA2F0C","color_button_text":"#ffffff","color_small_button_text_border":"#162950","color_text_field":"#ffffff","color_text_field_text":"#162950","color_text_field_border":"#909090","color_image_overlay_text":"#ffffff","color_image_overlay":"#3d3d3d","image_overlay_opacity":40,"color_body_bg":"#f8f8f8","type_header_font":"muli_n6","type_header_base_size":26,"type_base_font":"muli_n4","type_base_size":18,"share_facebook":true,"share_twitter":true,"share_pinterest":true,"social_twitter_link":"","social_facebook_link":"","social_pinterest_link":"","social_instagram_link":"","social_tumblr_link":"","social_snapchat_link":"","social_youtube_link":"","social_vimeo_link":"","favicon":"","checkout_header_image":"","checkout_logo_image":"","checkout_logo_position":"left","checkout_logo_size":"small","checkout_body_background_image":"","checkout_body_background_color":"#ffffff","checkout_input_background_color_mode":"white","checkout_sidebar_background_image":"","checkout_sidebar_background_color":"#e8f3f6","checkout_heading_font":"Roboto","checkout_body_font":"Source Sans Pro","checkout_accent_color":"#1990c6","checkout_button_color":"#23314e","checkout_error_color":"#ff6d6d","sections":{"header":{"type":"header","settings":{"align_logo":"left","logo":"","logo_max_width":135,"main_linklist":"main-menu","message":true,"color_bg":"#162950","color_text":"#ffffff"}},"hero":{"type":"hero","settings":{"alignment":"center","hero_size":"x-large","text_size":"large"}},"slideshow":{"type":"slideshow","blocks":{"slideshow-0":{"type":"image","settings":{"image":"","alignment":"center center"}},"1492095993817":{"type":"image","settings":{"image":"","alignment":"center"}}},"block_order":["slideshow-0","1492095993817"],"settings":{"slideshow_height":"medium","text_size":"medium","autorotate":false,"autorotate_speed":5}},"featured-collections":{"type":"collection","settings":{"grid":3,"rows":1,"show_vendor":true,"show_view_all":true}},"product-template":{"type":"product-template","settings":{"show_quantity_selector":false,"show_variant_labels":true,"show_vendor":false,"show_share_buttons":true,"media_size":"medium","enable_image_zoom":true,"enable_video_looping":false}},"collection-template":{"type":"collection-template","settings":{"layout":"grid","grid":2,"rows":2,"show_collection_image":true,"show_vendor":false,"sort_enable":true,"tags_enable":true}},"1492033809691":{"type":"map","settings":{}},"1492033877875":{"type":"quotes","blocks":{"1492033877875-0":{"type":"quote","settings":{}}},"block_order":["1492033877875-0"],"settings":{}},"1492033924902":{"type":"custom-content","blocks":{"1492033924902-0":{"type":"text","settings":{"width":"100%","alignment":"center","align_text":"center"}}},"block_order":["1492033924902-0"],"settings":{"title":""}},"1492096252560":{"type":"collection-list","blocks":{"1492096252560-0":{"type":"featured_collection","settings":{}},"1492096252560-1":{"type":"featured_collection","settings":{}},"1492096252560-2":{"type":"featured_collection","settings":{}}},"block_order":["1492096252560-0","1492096252560-1","1492096252560-2"],"settings":{"grid":3}},"blog-template":{"type":"blog-template","settings":{"layout":"grid","blog_show_author":true,"blog_show_date":false}},"article-template":{"type":"article-template","settings":{"blog_show_author":true,"blog_show_date":true,"show_share_buttons":true}},"cart-template":{"type":"cart-template","settings":{"cart_notes_enable":false}},"footer":{"type":"footer","blocks":{"link_list":{"type":"link_list","settings":{}},"text":{"type":"text","settings":{}},"newsletter":{"type":"newsletter","settings":{}}},"block_order":["link_list","text","newsletter"],"settings":{"color_footer_bg":"#f8f8f8","color_footer_text":"#6d6d6d"}}},"content_for_index":["hero","featured-collections","slideshow","1492033924902","1492096252560","1492033877875","1492033809691"]}}}